Rescuers I could neither do washes me no,Or it could just be Cpl Michael Smith,[0.32891664],-56.444342613220215,-110.1486382484436,-100.56555509567261,-45.269994258880615,0.80516065371304,0.19483934628695992,0.1576617592228708,0.842338240777129
She was bribing keep it on her person,Rescuers could shillings up to any other googling,[0.31748902],-138.72657179832458,-57.43894147872925,-50.31851673126221,-104.10928058624268,0.19849236095539574,0.8015076390446042,0.8357291725802339,0.16427082741976615
The annual skidded two that ransoms blaring enough,The official fleshed of the story says San,[0.26318697],-64.36127471923828,-107.96754169464111,-107.61626482009888,-56.29313659667969,0.7651947508872484,0.23480524911275166,0.18144202169241275,0.8185579783075874
The waiters see bared things to shipwrecked shear,He would take money from the bribing fund,[0.35416471],-57.70900297164917,-108.97199237346649,-104.86167430877686,-42.12183618545532,0.7984562741999274,0.20154372580007254,0.1307253967650769,0.8692746032349229
This made waned next of thirteenth down abdication,All the swiping had left behind was dust,[0.32001876],-64.37022542953491,-112.91004204750061,-107.48218441009521,-44.32039833068848,0.7694825103815013,0.23051748961849872,0.1337028348832878,0.8662971651167122
Cpl Wilson said should clear the matter up,Justices reportedly forced would help both gunnery while,[0.2895205],-116.4645185470581,-63.31264400482178,-50.68046474456787,-104.35754442214966,0.2253657480977108,0.7746342519022891,0.835131317592426,0.164868682407574
Thousands callous tourists who leave their trash behind,Rescuers donned lemur monoxide in the video for,[0.32197984],-111.28927659988403,-59.2639924287796,-49.599656105041504,-108.72204351425171,0.20680369864797524,0.7931963013520246,0.8473299501423964,0.15267004985760352
Take a deep breath and neutralize the anxiety,Watch previewed car and stay by his birth,[0.39023634],-211.77246046066284,-58.56874227523804,-29.895305633544922,-101.60973930358887,0.20346738681084703,0.796532613189153,0.8978115482949889,0.10218845170501116
It can go so as in male genitalia,Williams would be said unresponsive boycotted if umpires,[0.30745634],-112.05926942825317,-62.27629733085632,-48.269193172454834,-104.98473405838013,0.2205545097142393,0.7794454902857606,0.8469901035056021,0.1530098964943978
Use your healing surges to heal and neutralize,Following Lohan held amidships to accept this creeks,[0.34488641],-111.36843681335449,-59.150991559028625,-44.030314445495605,-106.35118865966797,0.20627886071642557,0.7937211392835745,0.8659729556384357,0.13402704436156435
