Scroll bogged stigma attached Mick Jagger relaxes muscles,Alamos imp Dalai Falun lieu lieu quo Dalai,[0.74356432],-140.937255859375,-212.39111328125,-344.69774103164673,-122.27659702301025,0.9166349867204585,0.08336501327954142,0.011646050703799996,0.9883539492962004
He never got bogged rarely participated existential crisis,Janeiro lieu quo quo Boko Falun lieu Dalai,[0.81467133],-124.204345703125,-211.053955078125,-357.1139860153198,-122.31055784225464,0.9485367217753891,0.051463278224611046,0.00920864240964984,0.9907913575903502
Alamos imp lieu quo quo lieu quo insofar,Scroll down to neutralize each their respective countries,[0.8717637],-209.11083984375,-105.61962890625,-110.00892639160156,-471.43646240234375,0.030107084156513305,0.9698929158434868,0.9929150019741015,0.007084998025898525
They neutralize each other mental health and it,Alamos imp lieu quo according Falun lieu Dalai,[0.88326556],-102.58447265625,-209.85009765625,-650.3685832023621,-104.75172281265259,0.9733788543278765,0.026621145672123533,0.00638349331088809,0.9936165066891118
Alamos imp Dalai Falun lieu lieu quo Boko,I did not have remained unaccounted neutralize it,[0.86107202],-211.131103515625,-110.72802734375,-115.30019092559814,-361.8589024543762,0.03328459570102224,0.9667154042989778,0.9921296243059922,0.007870375694007913
Shortly after he said to neutralize among them,Alamos Dalai lieu quo quo quo quo insofar,[0.87372739],-104.6396484375,-208.601318359375,-382.6829128265381,-108.37607288360596,0.9703504518638287,0.029649548136171214,0.006859288847249833,0.9931407111527497
Alamos Falun lieu Dalai Falun lieu Dalai Dalai,Getting bogged finally got bogged first national security,[0.81569118],-213.720458984375,-126.079833984375,-126.09731817245483,-367.0742197036743,0.05018300887009541,0.9498169911299044,0.9902571189240922,0.009742881075907697
The remnants continued to neutralize or even though,Alamos Dalai Falun lieu Dalai Falun lieu Dalai,[0.88442267],-101.62646484375,-213.720458984375,-355.35242652893066,-120.02303218841553,0.9772699054001526,0.022730094599847563,0.009042718481872356,0.9909572815181272
In a pair neutralize came in the world,Alamos Falun lieu Dalai ago Falun lieu Dalai,[0.87263832],-105.021484375,-210.900146484375,-383.43607449531555,-119.19441032409668,0.9721460419219152,0.02785395807808469,0.008499102445720679,0.9915008975542793
Janeiro monoxide monoxide imp lieu quo quo Dalai,Getting bogged cerebral palsy and neutralize the world,[0.83331257],-208.28466796875,-118.06591796875,-110.29538440704346,-384.06142139434814,0.04621665697583817,0.9537833430241617,0.9928746514050122,0.0071253485949879436
