Glee gave talks until long lines caretaker producers,This allows traders withstanding trading disruptions forgo losses,[0.28772245],-62.41115188598633,-136.52566528320312,-104.33486652374268,-48.083019733428955,0.7758175331891772,0.22418246681082277,0.16760806931365266,0.8323919306863473
We can see that according toying the ich,Lulu can invest by forever as more money,[0.29223508],-117.84519386291504,-58.9570426940918,-45.957539081573486,-102.97003984451294,0.22800800318439043,0.7719919968156095,0.8399909228216367,0.16000907717836363
Min have more than one kind of och,Rescuers scrambled more than one decade from certain,[0.25633296],-114.78643417358398,-54.98474884033203,-45.3411865234375,-86.05302143096924,0.21101131769463627,0.7889886823053637,0.7887198526608785,0.2112801473391214
After parting it ranked him lashing panning tributes,This year it was the och dog ich,[0.31563108],-58.1364631652832,-125.87489700317383,-95.69863796234131,-40.92805242538452,0.7879224940955538,0.21207750590444638,0.15342127175195777,0.8465787282480423
Cate underline what I was saying immediately afterwards,Apple criticized what much later saying in attaining,[0.30627525],-150.4481906890869,-55.83333206176758,-47.243062019348145,-94.47796487808228,0.18162868555994305,0.8183713144400567,0.8089350396709121,0.1910649603290879
Rescuers were turned to fumbles several tennis cars,Min ist ultimatum to remove the offending posts,[0.29194136],-51.286184310913086,-139.8525161743164,-92.01057958602905,-50.95948600769043,0.8347504030471771,0.16524959695282296,0.2224788032935362,0.7775211967064639
I should contend been googled leftovers someone too,It may have been red och ich dye,[0.27746822],-63.68630790710449,-149.95522117614746,-91.78862619400024,-43.608832359313965,0.7780838136979081,0.22191618630209164,0.17941990686606513,0.8205800931339348
I have to check allying toying stuffs now,Rescuers were successfully break replaying replicas while driving,[0.29032835],-136.89532852172852,-66.43652534484863,-47.5097222328186,-113.45492792129517,0.24573494432100645,0.7542650556789934,0.8536537648930701,0.1463462351069299
He parishes them in one of his och,News quoted Lohan as two of overrated retrial,[0.28678938],-113.52968788146973,-49.84177207946777,-47.46518278121948,-90.63876247406006,0.1854849353242979,0.8145150646757019,0.7939417315081554,0.20605826849184466
Another option has to press westbound flocks about,The goal was to avoidable according toed mathematically,[0.22506446],-59.15180969238281,-116.56545639038086,-83.73666572570801,-45.928837299346924,0.768713419235232,0.2312865807647683,0.22521175138606878,0.7747882486139311
