If ailing someone does this it is justifiable,For if she says yes it is pretty,[0.1983124],-57.39240646362305,-36.83931350708008,-39.18552541732788,-48.184799671173096,0.18271091336170503,0.8172890866382949,0.6894803766355436,0.3105196233644565
One guy I live in is the like,Frankly folks that live here know the drill,[0.32680171],-32.23696517944336,-56.52336502075195,-50.72640132904053,-34.91214942932129,0.8624015364005034,0.13759846359949665,0.21927761361693998,0.78072238638306
It left me half a pretty white void,It shows me onscreen a vaguely humanoid figure,[0.2142975],-37.515052795410156,-64.36059951782227,-50.92705154418945,-38.59230613708496,0.8126234613652684,0.18737653863473164,0.28469454967628177,0.7153054503237182
Is there be little evidence to this report,But there are many das in this world,[0.30316862],-32.84974670410156,-55.89262771606445,-51.23978567123413,-35.728453159332275,0.8534667387393803,0.14653326126061977,0.23227047752890378,0.7677295224710963
Please check back after earning your first badge,I loved it so for some time karma,[0.33034734],-57.490203857421875,-34.939369201660156,-32.960190773010254,-50.384735107421875,0.16130376856810533,0.8386962314318948,0.8103556265694255,0.18964437343057458
Take up arms and let them still use,Rest your hand and let me help massage,[0.21070382],-37.84124565124512,-59.25456428527832,-50.087242126464844,-38.470425605773926,0.8081146133151231,0.1918853866848769,0.284056641377165,0.7159433586228351
Most removal spells are instant speed as well,The higher costs per game are being given,[0.31101728],-58.816436767578125,-37.95697784423828,-32.00606107711792,-51.95763158798218,0.19361100680462917,0.8063889931953708,0.8252356517166913,0.1747643482833087
And off your brain that you can not,They establish a relationship and we can befriends,[0.28111967],-34.060190200805664,-59.489702224731445,-48.62912607192993,-36.30224251747131,0.8499814540097305,0.15001854599026948,0.25114876057582664,0.7488512394241735
Low resolve but very quick with his hands,The defense mechanisms are charged in the case,[0.26942416],-60.11986541748047,-33.55870056152344,-37.18515968322754,-48.31213712692261,0.14490820206892718,0.8550917979310728,0.7299429487097406,0.27005705129025936
I do not attach myself to your refills,If I almost lose myself in your gaze,[0.2621959],-30.868173599243164,-51.09963417053223,-48.61197376251221,-36.12275218963623,0.8295763649355617,0.1704236350644382,0.24808300985136605,0.7519169901486339
