Paraguay remained with the goal of breakthrough bleeding,But went back door was a year prison,[0.20366735],-119.201904296875,-106.74560546875,-88.2919921875,-106.769287109375,0.26860870237157347,0.7313912976284265,0.7860928133389042,0.2139071866610958
Grammy voters nominated her on a daily basis,Trey Parker might as a little or else,[0.29901618],-119.414794921875,-106.724609375,-79.535400390625,-107.485107421875,0.2652343633491201,0.7347656366508799,0.8769108480939345,0.12308915190606547
Sorry for up in the means nothing short,The noise has my neighbors house to fin,[0.19786259],-104.898681640625,-119.9970703125,-107.07373046875,-91.848388671875,0.7698375694002907,0.23016243059970934,0.25871691120144774,0.7412830887985522
Spain or street cars and chunks of concrete,I was described what to figure and it,[0.3029717],-120.92333984375,-102.252197265625,-85.622802734375,-105.7822265625,0.18583356768285755,0.8141664323171424,0.8100540344383242,0.18994596556167576
I gave rise out last few of life,Tornado prediction is that often associates and successors,[0.23910384],-104.097900390625,-121.4091796875,-107.153564453125,-90.164306640625,0.7942706992098505,0.20572930079014942,0.23538639779708428,0.7646136022029157
In terms in front end of Juan Martin,Front end of the absorbed a dissipating low,[0.2273619],-103.8359375,-123.054443359375,-106.016845703125,-91.34716796875,0.804871230901991,0.19512876909800905,0.2602218819126368,0.739778118087363
In terms as part without knowing that said,Proud of his cane down into statistical factors,[0.23231233],-102.77734375,-120.920654296875,-106.130126953125,-91.2255859375,0.807620362789477,0.192379637210523,0.25742987015331487,0.7425701298466851
Here is an important match another plate became,Not at number of it easier that there,[0.25125955],-120.468017578125,-101.7236328125,-91.0595703125,-107.427978515625,0.1832429656114958,0.8167570343885042,0.7541121492206102,0.24588785077938988
The use it comes the other sources familiar,The grooves built into that house much sooner,[0.23853275],-102.8173828125,-120.36572265625,-105.341552734375,-89.67822265625,0.802133511003342,0.19786648899665793,0.24433637722360751,0.7556636227763925
Someone more experienced pair passed a constitutional violation,This tens of the end up the sake,[0.30073875],-121.48046875,-101.448486328125,-87.88623046875,-107.3232421875,0.17242531180786555,0.8275746881921344,0.7940459949811624,0.20595400501883776
To waste his time thinner slices spread more,In regards his way we all of up,[0.24549728],-123.1181640625,-104.74609375,-89.302490234375,-106.6826171875,0.20682583954269487,0.793174160457305,0.7728346276545712,0.22716537234542888
Come on the time enough was in terms,Act like one of those more sensitive sister,[0.22737525],-104.408447265625,-115.86669921875,-105.950439453125,-84.341552734375,0.7167009433534678,0.2832990566465323,0.17467386658114292,0.825326133418857
