That would be fun and an interesting twist,That would be awesome and an interesting twist,-1.3759212493896484,-31.60583782196045,-31.25014877319336,-35.55733871459961,-36.93325996398926
The final curtain is drawing over my life,The final curtain is drawing over her life,-0.5018844604492188,-36.41889047622681,-35.96074342727661,-46.732784271240234,-47.23466873168945
I absolutely must have this Hot Toys piece,You absolutely must grab that Hot Toys figure,-7.281827926635742,-43.603360176086426,-43.56605577468872,-60.95293617248535,-68.2347640991211
We wont get a bad rep for it,She wont get a bad review for this,-4.897251129150391,-36.2394380569458,-34.62794017791748,-38.73863220214844,-43.63588333129883
Not even Crazy Diamond can fix that damage,Not even Crazy Dave can rival that atm,-17.40990447998047,-43.36020803451538,-42.94100999832153,-62.10334014892578,-79.51324462890625
You influenced me to give them a try,Personally allure me to give this a try,-22.76291275024414,-35.63465690612793,-35.598021030426025,-39.40229797363281,-62.16521072387695
It remains difficult to keep the public away,It got difficult to keep the media away,-3.703662872314453,-35.832804679870605,-35.46877098083496,-40.79615783691406,-44.499820709228516
Honestly I just want to be still relevant,Soon they all want to be onscreen aspires,-57.9888973236084,-39.38650989532471,-38.91439485549927,-37.558921813964844,-95.54781913757324
I agree but the skin looks so good,I washes since this blend smells so good,-22.880084991455078,-39.269360065460205,-39.025206565856934,-42.032209396362305,-64.91229438781738
His contract is great for doing just that,His headmaster got toasted for doing exactly that,-23.31694793701172,-39.252684593200684,-38.796595096588135,-40.187721252441406,-63.504669189453125
